{
  "totalMessages": 5,
  "totalSearches": 1,
  "totalCost": 0.0036176000000000003,
  "dailyStats": {
    "2026-01-18": {
      "messages": 5,
      "searches": 1,
      "cost": 0.0036176000000000003
    }
  }
}